<?xml version="1.0" encoding="UTF-8"?>
<project-private xmlns="http://www.netbeans.org/ns/project-private/1">
    <editor-bookmarks xmlns="http://www.netbeans.org/ns/editor-bookmarks/2" lastBookmarkId="0"/>
    <open-files xmlns="http://www.netbeans.org/ns/projectui-open-files/2">
        <group>
            <file>file:/C:/advJava/jsp/3Tier/src/java/threeT/StoreManager.java</file>
            <file>file:/C:/advJava/jsp/3Tier/src/java/threeT/Validator.java</file>
            <file>file:/C:/advJava/jsp/3Tier/web/index.jsp</file>
            <file>file:/C:/advJava/jsp/3Tier/web/home.jsp</file>
            <file>file:/C:/advJava/jsp/3Tier/web/passwordLost.jsp</file>
            <file>file:/C:/advJava/jsp/3Tier/web/validate.jsp</file>
            <file>file:/C:/advJava/jsp/3Tier/web/loginFailed.jsp</file>
        </group>
    </open-files>
</project-private>
