<?xml version="1.0" encoding="UTF-8"?>
<project-private xmlns="http://www.netbeans.org/ns/project-private/1">
    <editor-bookmarks xmlns="http://www.netbeans.org/ns/editor-bookmarks/2" lastBookmarkId="0"/>
    <open-files xmlns="http://www.netbeans.org/ns/projectui-open-files/2">
        <group>
            <file>file:/C:/advJava/web/UploadDownload/web/index.html</file>
            <file>file:/C:/advJava/web/UploadDownload/src/java/ud/UploadForm.java</file>
            <file>file:/C:/advJava/web/UploadDownload/src/java/ud/FetchZip.java</file>
            <file>file:/C:/advJava/web/UploadDownload/src/java/ud/Uploader.java</file>
            <file>file:/C:/advJava/web/UploadDownload/src/java/ud/Header.java</file>
            <file>file:/C:/advJava/web/UploadDownload/web/WEB-INF/web.xml</file>
        </group>
    </open-files>
</project-private>
