<?xml version="1.0" encoding="UTF-8"?>
<project-private xmlns="http://www.netbeans.org/ns/project-private/1">
    <editor-bookmarks xmlns="http://www.netbeans.org/ns/editor-bookmarks/2" lastBookmarkId="0"/>
    <open-files xmlns="http://www.netbeans.org/ns/projectui-open-files/2">
        <group>
            <file>file:/C:/advJava/struts/DivideApp/web/welcomeStruts.jsp</file>
            <file>file:/C:/advJava/struts/DivideApp/web/WEB-INF/struts-config.xml</file>
            <file>file:/C:/advJava/struts/DivideApp/src/java/com/myapp/struts/DivideActionForm.java</file>
            <file>file:/C:/advJava/struts/DivideApp/src/java/com/myapp/struts/DivideAction.java</file>
            <file>file:/C:/advJava/struts/DivideApp/web/result.jsp</file>
        </group>
    </open-files>
</project-private>
