<?xml version="1.0" encoding="UTF-8"?>
<project-private xmlns="http://www.netbeans.org/ns/project-private/1">
    <editor-bookmarks xmlns="http://www.netbeans.org/ns/editor-bookmarks/2" lastBookmarkId="0"/>
    <open-files xmlns="http://www.netbeans.org/ns/projectui-open-files/2">
        <group>
            <file>file:/C:/advJava/custom%20tags/CTags/web/index.jsp</file>
            <file>file:/C:/advJava/custom%20tags/CTags/src/java/TagPack/CT2.java</file>
            <file>file:/C:/advJava/custom%20tags/CTags/web/WEB-INF/tlds/CTagsDescriptor.tld</file>
            <file>file:/C:/advJava/custom%20tags/CTags/src/java/TagPack/CT1.java</file>
            <file>file:/C:/advJava/custom%20tags/CTags/web/WEB-INF/tags/CT3.tag</file>
        </group>
    </open-files>
</project-private>
