<?xml version="1.0" encoding="UTF-8"?><!--
        *** GENERATED FROM jax-ws.xml - DO NOT EDIT !                             ***
        *** TO MODIFY wsimport options USE Web Service node -> Edit WS Attributes ***
        *** TO CHANGE TARGETS GENERATED TO jaxws-build.xml COPY THOSE             ***
        *** TARGETS TO ../build.xml AND MODIFY THAT FILE INSTEAD                  ***

        --><project xmlns:xalan="http://xml.apache.org/xslt" xmlns:webproject2="http://www.netbeans.org/ns/web-project/2" xmlns:jaxws="http://www.netbeans.org/ns/jax-ws/1">
    <!--
                ===================
                JAX-WS WSGEN SECTION
                ===================
            -->
    <!--
                ===================
                JAX-WS WSIMPORT SECTION
                ===================
            -->
    <target name="wsimport-init" depends="init">
        <fail if="${wsimport.bad.version}" message="WsImport ant task defined in the classpath ${j2ee.platform.wsimport.classpath} has a serious bug. See http://wiki.netbeans.org/MetroIssue for details."/>
        <mkdir dir="${build.generated.sources.dir}/jax-ws"/>
        <property name="j2ee.platform.wsimport.classpath" value="${libs.jaxws21.classpath}"/>
        <taskdef name="wsimport" classname="com.sun.tools.ws.ant.WsImport">
            <classpath path="${java.home}/../lib/tools.jar:${j2ee.platform.wsimport.classpath}:${javac.classpath}"/>
        </taskdef>
        <condition property="conf-dir" value="${conf.dir}/" else="">
            <isset property="conf.dir"/>
        </condition>
    </target>
    <target name="wsimport-client-WS_Arithmetic" depends="wsimport-init">
        <mkdir dir="${build.generated.dir}/jax-wsCache/WS_Arithmetic"/>
        <wsimport sourcedestdir="${build.generated.dir}/jax-wsCache/WS_Arithmetic" destdir="${build.generated.dir}/jax-wsCache/WS_Arithmetic" wsdl="${basedir}/${conf-dir}xml-resources/web-service-references/WS_Arithmetic/wsdl/127.0.0.1_8080/WS_Arithmetic/WS_Arithmetic.wsdl" catalog="catalog.xml" encoding="${source.encoding}" extension="true" verbose="true" fork="false" wsdlLocation="http://127.0.0.1:8080/WS_Arithmetic/WS_Arithmetic?wsdl" xnocompile="true" xendorsed="true" package="clientpack">
            <depends file="${basedir}/${conf-dir}xml-resources/web-service-references/WS_Arithmetic/wsdl/127.0.0.1_8080/WS_Arithmetic/WS_Arithmetic.wsdl"/>
            <produces dir="${build.generated.dir}/jax-wsCache/WS_Arithmetic"/>
        </wsimport>
        <copy todir="${build.generated.sources.dir}/jax-ws">
            <fileset dir="${build.generated.dir}/jax-wsCache/WS_Arithmetic">
                <include name="**/*.java"/>
            </fileset>
        </copy>
    </target>
    <target name="wsimport-client-clean-WS_Arithmetic" depends="-init-project">
        <delete dir="${build.generated.sources.dir}/jax-ws/clientpack"/>
        <delete dir="${build.generated.dir}/jax-wsCache/WS_Arithmetic"/>
    </target>
    <target name="wsimport-client-WS_StringOP" depends="wsimport-init">
        <mkdir dir="${build.generated.dir}/jax-wsCache/WS_StringOP"/>
        <wsimport sourcedestdir="${build.generated.dir}/jax-wsCache/WS_StringOP" destdir="${build.generated.dir}/jax-wsCache/WS_StringOP" wsdl="${basedir}/${conf-dir}xml-resources/web-service-references/WS_StringOP/wsdl/127.0.0.1_8080/WS_StringOP/WS_StringOP.wsdl" catalog="catalog.xml" encoding="${source.encoding}" extension="true" verbose="true" fork="false" wsdlLocation="http://127.0.0.1:8080/WS_StringOP/WS_StringOP?wsdl" xnocompile="true" xendorsed="true" package="clientpack1">
            <depends file="${basedir}/${conf-dir}xml-resources/web-service-references/WS_StringOP/wsdl/127.0.0.1_8080/WS_StringOP/WS_StringOP.wsdl"/>
            <produces dir="${build.generated.dir}/jax-wsCache/WS_StringOP"/>
        </wsimport>
        <copy todir="${build.generated.sources.dir}/jax-ws">
            <fileset dir="${build.generated.dir}/jax-wsCache/WS_StringOP">
                <include name="**/*.java"/>
            </fileset>
        </copy>
    </target>
    <target name="wsimport-client-clean-WS_StringOP" depends="-init-project">
        <delete dir="${build.generated.sources.dir}/jax-ws/clientpack1"/>
        <delete dir="${build.generated.dir}/jax-wsCache/WS_StringOP"/>
    </target>
    <target name="wsimport-client-generate" depends="wsimport-client-WS_Arithmetic, wsimport-client-WS_StringOP"/>
</project>
