<?xml version="1.0" encoding="UTF-8"?>
<project-private xmlns="http://www.netbeans.org/ns/project-private/1">
    <editor-bookmarks xmlns="http://www.netbeans.org/ns/editor-bookmarks/2" lastBookmarkId="1">
        <file>
            <url>src/java/captcha/ImageGenerator.java</url>
            <bookmark id="1">
                <name/>
                <line>33</line>
                <key/>
            </bookmark>
        </file>
    </editor-bookmarks>
    <open-files xmlns="http://www.netbeans.org/ns/projectui-open-files/2">
        <group>
            <file>file:/C:/advJava/ajax/Captcha/web/index.jsp</file>
            <file>file:/C:/advJava/ajax/Captcha/src/java/captcha/ImageGenerator.java</file>
            <file>file:/C:/advJava/ajax/Captcha/web/authnCptch.jsp</file>
            <file>file:/C:/advJava/ajax/Captcha/web/generateNewCaptcha.jsp</file>
            <file>file:/C:/advJava/ajax/Captcha/web/processForm.jsp</file>
        </group>
    </open-files>
</project-private>
