<?xml version="1.0" encoding="UTF-8"?>
<project-private xmlns="http://www.netbeans.org/ns/project-private/1">
    <editor-bookmarks xmlns="http://www.netbeans.org/ns/editor-bookmarks/2" lastBookmarkId="0"/>
    <open-files xmlns="http://www.netbeans.org/ns/projectui-open-files/2">
        <group>
            <file>file:/C:/advJava/hibernate/EmpApp/src/java/emppack/hibernate.cfg.xml</file>
            <file>file:/C:/advJava/hibernate/EmpApp/src/java/emppack/hibernate.reveng.xml</file>
            <file>file:/C:/advJava/hibernate/EmpApp/src/java/emppack/EmpHelper.java</file>
            <file>file:/C:/advJava/hibernate/EmpApp/src/java/emppack/HibernateUtil.java</file>
            <file>file:/C:/advJava/hibernate/EmpApp/web/index.jsp</file>
            <file>file:/C:/advJava/hibernate/EmpApp/src/java/emppack/Emp.hbm.xml</file>
            <file>file:/C:/advJava/hibernate/EmpApp/src/java/emppack/Emp.java</file>
        </group>
    </open-files>
</project-private>
