<?xml version="1.0" encoding="UTF-8"?>
<project-private xmlns="http://www.netbeans.org/ns/project-private/1">
    <editor-bookmarks xmlns="http://www.netbeans.org/ns/editor-bookmarks/2" lastBookmarkId="0"/>
    <open-files xmlns="http://www.netbeans.org/ns/projectui-open-files/2">
        <group>
            <file>file:/C:/advJava/ws/WS_Server/WS_Server_ejb/src/java/wspack/SB_StringOp.java</file>
            <file>file:/C:/advJava/ws/WS_Server/WS_Server_ejb/src/java/wspack/WS_StringOP.java</file>
            <file>file:/C:/advJava/ws/WS_Server/WS_Server_ejb/src/java/wspack/WS_Arithmetic.java</file>
        </group>
    </open-files>
</project-private>
