<?xml version="1.0"?>
<!DOCTYPE hibernate-mapping PUBLIC "-//Hibernate/Hibernate Mapping DTD 3.0//EN"
"http://www.hibernate.org/dtd/hibernate-mapping-3.0.dtd">
<!-- Generated 10 May, 2015 8:00:00 PM by Hibernate Tools 3.6.0 -->
<hibernate-mapping>
    <class name="emppack.Emp" table="EMP" schema="SYSTEM">
        <id name="eno" type="big_decimal">
            <column name="ENO" precision="22" scale="0" />
            <generator class="assigned" />
        </id>
        <property name="ename" type="string">
            <column name="ENAME" length="20" />
        </property>
        <property name="ejob" type="string">
            <column name="EJOB" length="20" />
        </property>
        <property name="esal" type="big_decimal">
            <column name="ESAL" precision="22" scale="0" />
        </property>
    </class>
</hibernate-mapping>
